uuidAge;uuidAgeGroup
e191748e-68e0-11ee-9d1c-d8bbc19bcc5c;e1a4dd6c-68e0-11ee-9d1c-d8bbc19bcc5c
e16c26fc-68e0-11ee-9d1c-d8bbc19bcc5c;e1a4dd6c-68e0-11ee-9d1c-d8bbc19bcc5c
e16c49ca-68e0-11ee-9d1c-d8bbc19bcc5c;e1a4dd6c-68e0-11ee-9d1c-d8bbc19bcc5c
e16c6c20-68e0-11ee-9d1c-d8bbc19bcc5c;e1a4f9aa-68e0-11ee-9d1c-d8bbc19bcc5c
e16c8e26-68e0-11ee-9d1c-d8bbc19bcc5c;e1a4f9aa-68e0-11ee-9d1c-d8bbc19bcc5c
e16cb1bc-68e0-11ee-9d1c-d8bbc19bcc5c;e1a4f9aa-68e0-11ee-9d1c-d8bbc19bcc5c
e16cd3e0-68e0-11ee-9d1c-d8bbc19bcc5c;e1a515ca-68e0-11ee-9d1c-d8bbc19bcc5c
e16cf5dc-68e0-11ee-9d1c-d8bbc19bcc5c;e1a515ca-68e0-11ee-9d1c-d8bbc19bcc5c
e16d1788-68e0-11ee-9d1c-d8bbc19bcc5c;e1a515ca-68e0-11ee-9d1c-d8bbc19bcc5c
e16d38c6-68e0-11ee-9d1c-d8bbc19bcc5c;e1a515ca-68e0-11ee-9d1c-d8bbc19bcc5c
e16d59a0-68e0-11ee-9d1c-d8bbc19bcc5c;e1a54db0-68e0-11ee-9d1c-d8bbc19bcc5c
e16d7a0c-68e0-11ee-9d1c-d8bbc19bcc5c;e1a54db0-68e0-11ee-9d1c-d8bbc19bcc5c
e16d9a78-68e0-11ee-9d1c-d8bbc19bcc5c;e1a54db0-68e0-11ee-9d1c-d8bbc19bcc5c
e16dbb52-68e0-11ee-9d1c-d8bbc19bcc5c;e1a54db0-68e0-11ee-9d1c-d8bbc19bcc5c
e16ddc54-68e0-11ee-9d1c-d8bbc19bcc5c;e1a54db0-68e0-11ee-9d1c-d8bbc19bcc5c
e16dff4a-68e0-11ee-9d1c-d8bbc19bcc5c;e1a54db0-68e0-11ee-9d1c-d8bbc19bcc5c
e16e202e-68e0-11ee-9d1c-d8bbc19bcc5c;e1a56a34-68e0-11ee-9d1c-d8bbc19bcc5c
e16e40f4-68e0-11ee-9d1c-d8bbc19bcc5c;e1a56a34-68e0-11ee-9d1c-d8bbc19bcc5c
e16e6200-68e0-11ee-9d1c-d8bbc19bcc5c;e1a5867c-68e0-11ee-9d1c-d8bbc19bcc5c
e16ea01c-68e0-11ee-9d1c-d8bbc19bcc5c;e1a5867c-68e0-11ee-9d1c-d8bbc19bcc5c
e16ec9fc-68e0-11ee-9d1c-d8bbc19bcc5c;e1a5867c-68e0-11ee-9d1c-d8bbc19bcc5c
e16ee81a-68e0-11ee-9d1c-d8bbc19bcc5c;e1a5867c-68e0-11ee-9d1c-d8bbc19bcc5c
e16f04bc-68e0-11ee-9d1c-d8bbc19bcc5c;e1a5867c-68e0-11ee-9d1c-d8bbc19bcc5c
e16f23c0-68e0-11ee-9d1c-d8bbc19bcc5c;e1a5867c-68e0-11ee-9d1c-d8bbc19bcc5c
e16f41e8-68e0-11ee-9d1c-d8bbc19bcc5c;e1a5867c-68e0-11ee-9d1c-d8bbc19bcc5c
e16f601a-68e0-11ee-9d1c-d8bbc19bcc5c;e1a5867c-68e0-11ee-9d1c-d8bbc19bcc5c
e16f7df2-68e0-11ee-9d1c-d8bbc19bcc5c;e1a5867c-68e0-11ee-9d1c-d8bbc19bcc5c
e16f9c10-68e0-11ee-9d1c-d8bbc19bcc5c;e1a5867c-68e0-11ee-9d1c-d8bbc19bcc5c
e16fbaf6-68e0-11ee-9d1c-d8bbc19bcc5c;e1a5867c-68e0-11ee-9d1c-d8bbc19bcc5c
e16fd8ba-68e0-11ee-9d1c-d8bbc19bcc5c;e1a5867c-68e0-11ee-9d1c-d8bbc19bcc5c
e16ff6c4-68e0-11ee-9d1c-d8bbc19bcc5c;e1a5867c-68e0-11ee-9d1c-d8bbc19bcc5c
e1701474-68e0-11ee-9d1c-d8bbc19bcc5c;e1a5867c-68e0-11ee-9d1c-d8bbc19bcc5c
e1703288-68e0-11ee-9d1c-d8bbc19bcc5c;e1a5867c-68e0-11ee-9d1c-d8bbc19bcc5c
e17057ae-68e0-11ee-9d1c-d8bbc19bcc5c;e1a5867c-68e0-11ee-9d1c-d8bbc19bcc5c
e17075f4-68e0-11ee-9d1c-d8bbc19bcc5c;e1a5867c-68e0-11ee-9d1c-d8bbc19bcc5c
e17093ae-68e0-11ee-9d1c-d8bbc19bcc5c;e1a5867c-68e0-11ee-9d1c-d8bbc19bcc5c
e170b1b8-68e0-11ee-9d1c-d8bbc19bcc5c;e1a5867c-68e0-11ee-9d1c-d8bbc19bcc5c
e170cf86-68e0-11ee-9d1c-d8bbc19bcc5c;e1a5867c-68e0-11ee-9d1c-d8bbc19bcc5c
e170edb8-68e0-11ee-9d1c-d8bbc19bcc5c;e1a5867c-68e0-11ee-9d1c-d8bbc19bcc5c
e1710bea-68e0-11ee-9d1c-d8bbc19bcc5c;e1a5867c-68e0-11ee-9d1c-d8bbc19bcc5c
e17129cc-68e0-11ee-9d1c-d8bbc19bcc5c;e1a5867c-68e0-11ee-9d1c-d8bbc19bcc5c
e1714754-68e0-11ee-9d1c-d8bbc19bcc5c;e1a5867c-68e0-11ee-9d1c-d8bbc19bcc5c
e1716504-68e0-11ee-9d1c-d8bbc19bcc5c;e1a5867c-68e0-11ee-9d1c-d8bbc19bcc5c
e17183a4-68e0-11ee-9d1c-d8bbc19bcc5c;e1a5867c-68e0-11ee-9d1c-d8bbc19bcc5c
e171a19a-68e0-11ee-9d1c-d8bbc19bcc5c;e1a5867c-68e0-11ee-9d1c-d8bbc19bcc5c
e171bfae-68e0-11ee-9d1c-d8bbc19bcc5c;e1a5867c-68e0-11ee-9d1c-d8bbc19bcc5c
e171dd68-68e0-11ee-9d1c-d8bbc19bcc5c;e1a5867c-68e0-11ee-9d1c-d8bbc19bcc5c
e171fb68-68e0-11ee-9d1c-d8bbc19bcc5c;e1a5867c-68e0-11ee-9d1c-d8bbc19bcc5c
e17219ae-68e0-11ee-9d1c-d8bbc19bcc5c;e1a5867c-68e0-11ee-9d1c-d8bbc19bcc5c
e17237b8-68e0-11ee-9d1c-d8bbc19bcc5c;e1a5867c-68e0-11ee-9d1c-d8bbc19bcc5c
e172557c-68e0-11ee-9d1c-d8bbc19bcc5c;e1a5867c-68e0-11ee-9d1c-d8bbc19bcc5c
e1727340-68e0-11ee-9d1c-d8bbc19bcc5c;e1a5867c-68e0-11ee-9d1c-d8bbc19bcc5c
e1729118-68e0-11ee-9d1c-d8bbc19bcc5c;e1a5867c-68e0-11ee-9d1c-d8bbc19bcc5c
e172ae96-68e0-11ee-9d1c-d8bbc19bcc5c;e1a5867c-68e0-11ee-9d1c-d8bbc19bcc5c
e172ce62-68e0-11ee-9d1c-d8bbc19bcc5c;e1a5867c-68e0-11ee-9d1c-d8bbc19bcc5c
e172ec6c-68e0-11ee-9d1c-d8bbc19bcc5c;e1a5867c-68e0-11ee-9d1c-d8bbc19bcc5c
e1730c38-68e0-11ee-9d1c-d8bbc19bcc5c;e1a5867c-68e0-11ee-9d1c-d8bbc19bcc5c
e1732a10-68e0-11ee-9d1c-d8bbc19bcc5c;e1a5867c-68e0-11ee-9d1c-d8bbc19bcc5c
e173482e-68e0-11ee-9d1c-d8bbc19bcc5c;e1a5867c-68e0-11ee-9d1c-d8bbc19bcc5c
e1736642-68e0-11ee-9d1c-d8bbc19bcc5c;e1a5867c-68e0-11ee-9d1c-d8bbc19bcc5c
e1738442-68e0-11ee-9d1c-d8bbc19bcc5c;e1a5867c-68e0-11ee-9d1c-d8bbc19bcc5c
e173a288-68e0-11ee-9d1c-d8bbc19bcc5c;e1a5867c-68e0-11ee-9d1c-d8bbc19bcc5c
e173c056-68e0-11ee-9d1c-d8bbc19bcc5c;e1a5867c-68e0-11ee-9d1c-d8bbc19bcc5c
e173de06-68e0-11ee-9d1c-d8bbc19bcc5c;e1a5867c-68e0-11ee-9d1c-d8bbc19bcc5c
e174032c-68e0-11ee-9d1c-d8bbc19bcc5c;e1a5867c-68e0-11ee-9d1c-d8bbc19bcc5c
e1742104-68e0-11ee-9d1c-d8bbc19bcc5c;e1a5867c-68e0-11ee-9d1c-d8bbc19bcc5c
e1743ee6-68e0-11ee-9d1c-d8bbc19bcc5c;e1a5867c-68e0-11ee-9d1c-d8bbc19bcc5c
e1745c82-68e0-11ee-9d1c-d8bbc19bcc5c;e1a5867c-68e0-11ee-9d1c-d8bbc19bcc5c
e1747a6e-68e0-11ee-9d1c-d8bbc19bcc5c;e1a5867c-68e0-11ee-9d1c-d8bbc19bcc5c
e17498b4-68e0-11ee-9d1c-d8bbc19bcc5c;e1a5867c-68e0-11ee-9d1c-d8bbc19bcc5c
e174b696-68e0-11ee-9d1c-d8bbc19bcc5c;e1a5867c-68e0-11ee-9d1c-d8bbc19bcc5c
e174d414-68e0-11ee-9d1c-d8bbc19bcc5c;e1a5867c-68e0-11ee-9d1c-d8bbc19bcc5c
e174f1e2-68e0-11ee-9d1c-d8bbc19bcc5c;e1a5867c-68e0-11ee-9d1c-d8bbc19bcc5c
e1750fb0-68e0-11ee-9d1c-d8bbc19bcc5c;e1a5867c-68e0-11ee-9d1c-d8bbc19bcc5c
e175301c-68e0-11ee-9d1c-d8bbc19bcc5c;e1a5867c-68e0-11ee-9d1c-d8bbc19bcc5c
e1754e12-68e0-11ee-9d1c-d8bbc19bcc5c;e1a5867c-68e0-11ee-9d1c-d8bbc19bcc5c
e1756be0-68e0-11ee-9d1c-d8bbc19bcc5c;e1a5867c-68e0-11ee-9d1c-d8bbc19bcc5c
e17589ea-68e0-11ee-9d1c-d8bbc19bcc5c;e1a5867c-68e0-11ee-9d1c-d8bbc19bcc5c
e175a7e0-68e0-11ee-9d1c-d8bbc19bcc5c;e1a5867c-68e0-11ee-9d1c-d8bbc19bcc5c
e175c608-68e0-11ee-9d1c-d8bbc19bcc5c;e1a5867c-68e0-11ee-9d1c-d8bbc19bcc5c
e175e458-68e0-11ee-9d1c-d8bbc19bcc5c;e1a5867c-68e0-11ee-9d1c-d8bbc19bcc5c
e1760244-68e0-11ee-9d1c-d8bbc19bcc5c;e1a5867c-68e0-11ee-9d1c-d8bbc19bcc5c
e1762094-68e0-11ee-9d1c-d8bbc19bcc5c;e1a5867c-68e0-11ee-9d1c-d8bbc19bcc5c
e1763ed0-68e0-11ee-9d1c-d8bbc19bcc5c;e1a5867c-68e0-11ee-9d1c-d8bbc19bcc5c
e1765f00-68e0-11ee-9d1c-d8bbc19bcc5c;e1a5867c-68e0-11ee-9d1c-d8bbc19bcc5c
e1767e5e-68e0-11ee-9d1c-d8bbc19bcc5c;e1a5867c-68e0-11ee-9d1c-d8bbc19bcc5c
e1769c40-68e0-11ee-9d1c-d8bbc19bcc5c;e1a5867c-68e0-11ee-9d1c-d8bbc19bcc5c
e176ba0e-68e0-11ee-9d1c-d8bbc19bcc5c;e1a5867c-68e0-11ee-9d1c-d8bbc19bcc5c
e176d836-68e0-11ee-9d1c-d8bbc19bcc5c;e1a5867c-68e0-11ee-9d1c-d8bbc19bcc5c
e176f64a-68e0-11ee-9d1c-d8bbc19bcc5c;e1a5867c-68e0-11ee-9d1c-d8bbc19bcc5c
e17714ea-68e0-11ee-9d1c-d8bbc19bcc5c;e1a5867c-68e0-11ee-9d1c-d8bbc19bcc5c
e17732f4-68e0-11ee-9d1c-d8bbc19bcc5c;e1a5867c-68e0-11ee-9d1c-d8bbc19bcc5c
e177509a-68e0-11ee-9d1c-d8bbc19bcc5c;e1a5867c-68e0-11ee-9d1c-d8bbc19bcc5c
e1776e4a-68e0-11ee-9d1c-d8bbc19bcc5c;e1a5867c-68e0-11ee-9d1c-d8bbc19bcc5c
e1778be6-68e0-11ee-9d1c-d8bbc19bcc5c;e1a5867c-68e0-11ee-9d1c-d8bbc19bcc5c
e177aa40-68e0-11ee-9d1c-d8bbc19bcc5c;e1a5867c-68e0-11ee-9d1c-d8bbc19bcc5c
e177c804-68e0-11ee-9d1c-d8bbc19bcc5c;e1a5867c-68e0-11ee-9d1c-d8bbc19bcc5c
e177e5f0-68e0-11ee-9d1c-d8bbc19bcc5c;e1a5867c-68e0-11ee-9d1c-d8bbc19bcc5c
e17803c8-68e0-11ee-9d1c-d8bbc19bcc5c;e1a5867c-68e0-11ee-9d1c-d8bbc19bcc5c
e178231c-68e0-11ee-9d1c-d8bbc19bcc5c;e1a5867c-68e0-11ee-9d1c-d8bbc19bcc5c
e1784162-68e0-11ee-9d1c-d8bbc19bcc5c;e1a5867c-68e0-11ee-9d1c-d8bbc19bcc5c
e1785f6c-68e0-11ee-9d1c-d8bbc19bcc5c;e1a5867c-68e0-11ee-9d1c-d8bbc19bcc5c
e1787d3a-68e0-11ee-9d1c-d8bbc19bcc5c;e1a5867c-68e0-11ee-9d1c-d8bbc19bcc5c
e1789b30-68e0-11ee-9d1c-d8bbc19bcc5c;e1a5867c-68e0-11ee-9d1c-d8bbc19bcc5c
e178b8ea-68e0-11ee-9d1c-d8bbc19bcc5c;e1a5867c-68e0-11ee-9d1c-d8bbc19bcc5c
e178dbe0-68e0-11ee-9d1c-d8bbc19bcc5c;e1a5867c-68e0-11ee-9d1c-d8bbc19bcc5c
e178f9fe-68e0-11ee-9d1c-d8bbc19bcc5c;e1a5867c-68e0-11ee-9d1c-d8bbc19bcc5c
e1791808-68e0-11ee-9d1c-d8bbc19bcc5c;e1a5867c-68e0-11ee-9d1c-d8bbc19bcc5c
e17935fe-68e0-11ee-9d1c-d8bbc19bcc5c;e1a5867c-68e0-11ee-9d1c-d8bbc19bcc5c
e17953d6-68e0-11ee-9d1c-d8bbc19bcc5c;e1a5867c-68e0-11ee-9d1c-d8bbc19bcc5c
e17972b2-68e0-11ee-9d1c-d8bbc19bcc5c;e1a5867c-68e0-11ee-9d1c-d8bbc19bcc5c
e17990ee-68e0-11ee-9d1c-d8bbc19bcc5c;e1a5867c-68e0-11ee-9d1c-d8bbc19bcc5c
e179aee4-68e0-11ee-9d1c-d8bbc19bcc5c;e1a5867c-68e0-11ee-9d1c-d8bbc19bcc5c
e179cc9e-68e0-11ee-9d1c-d8bbc19bcc5c;e1a5867c-68e0-11ee-9d1c-d8bbc19bcc5c
e179ea8a-68e0-11ee-9d1c-d8bbc19bcc5c;e1a5867c-68e0-11ee-9d1c-d8bbc19bcc5c
e17a08ee-68e0-11ee-9d1c-d8bbc19bcc5c;e1a5867c-68e0-11ee-9d1c-d8bbc19bcc5c
e17a26c6-68e0-11ee-9d1c-d8bbc19bcc5c;e1a5867c-68e0-11ee-9d1c-d8bbc19bcc5c
e17a44ee-68e0-11ee-9d1c-d8bbc19bcc5c;e1a5867c-68e0-11ee-9d1c-d8bbc19bcc5c
e17a62a8-68e0-11ee-9d1c-d8bbc19bcc5c;e1a5867c-68e0-11ee-9d1c-d8bbc19bcc5c
e17a80a8-68e0-11ee-9d1c-d8bbc19bcc5c;e1a5867c-68e0-11ee-9d1c-d8bbc19bcc5c
e17a9e80-68e0-11ee-9d1c-d8bbc19bcc5c;e1a5867c-68e0-11ee-9d1c-d8bbc19bcc5c
e17abd20-68e0-11ee-9d1c-d8bbc19bcc5c;e1a5867c-68e0-11ee-9d1c-d8bbc19bcc5c
e17adb34-68e0-11ee-9d1c-d8bbc19bcc5c;e1a5867c-68e0-11ee-9d1c-d8bbc19bcc5c
e17af948-68e0-11ee-9d1c-d8bbc19bcc5c;e1a5867c-68e0-11ee-9d1c-d8bbc19bcc5c
e17b1752-68e0-11ee-9d1c-d8bbc19bcc5c;e1a5867c-68e0-11ee-9d1c-d8bbc19bcc5c
e17b3548-68e0-11ee-9d1c-d8bbc19bcc5c;e1a5867c-68e0-11ee-9d1c-d8bbc19bcc5c
e17b5b36-68e0-11ee-9d1c-d8bbc19bcc5c;e1a5867c-68e0-11ee-9d1c-d8bbc19bcc5c
e17b78c8-68e0-11ee-9d1c-d8bbc19bcc5c;e1a5867c-68e0-11ee-9d1c-d8bbc19bcc5c
e17b9524-68e0-11ee-9d1c-d8bbc19bcc5c;e1a5867c-68e0-11ee-9d1c-d8bbc19bcc5c
e17bb162-68e0-11ee-9d1c-d8bbc19bcc5c;e1a5867c-68e0-11ee-9d1c-d8bbc19bcc5c
e17bcf44-68e0-11ee-9d1c-d8bbc19bcc5c;e1a5867c-68e0-11ee-9d1c-d8bbc19bcc5c
e17bef9c-68e0-11ee-9d1c-d8bbc19bcc5c;e1a5867c-68e0-11ee-9d1c-d8bbc19bcc5c
e17c0db0-68e0-11ee-9d1c-d8bbc19bcc5c;e1a5867c-68e0-11ee-9d1c-d8bbc19bcc5c
e17c2b9c-68e0-11ee-9d1c-d8bbc19bcc5c;e1a5867c-68e0-11ee-9d1c-d8bbc19bcc5c
e17c4988-68e0-11ee-9d1c-d8bbc19bcc5c;e1a5867c-68e0-11ee-9d1c-d8bbc19bcc5c
e17c6788-68e0-11ee-9d1c-d8bbc19bcc5c;e1a5867c-68e0-11ee-9d1c-d8bbc19bcc5c
