uuidAge;uuidAgeGroup;
e191748e-68e0-11ee-9d1c-d8bbc19bcc5c;e191909a-68e0-11ee-9d1c-d8bbc19bcc5c;0
e16c26fc-68e0-11ee-9d1c-d8bbc19bcc5c;e191acec-68e0-11ee-9d1c-d8bbc19bcc5c;1
e16c49ca-68e0-11ee-9d1c-d8bbc19bcc5c;e191c8f8-68e0-11ee-9d1c-d8bbc19bcc5c;2
e16c6c20-68e0-11ee-9d1c-d8bbc19bcc5c;e191e572-68e0-11ee-9d1c-d8bbc19bcc5c;3
e16c8e26-68e0-11ee-9d1c-d8bbc19bcc5c;e19201a6-68e0-11ee-9d1c-d8bbc19bcc5c;4
e16cb1bc-68e0-11ee-9d1c-d8bbc19bcc5c;e1921d9e-68e0-11ee-9d1c-d8bbc19bcc5c;5
e16cd3e0-68e0-11ee-9d1c-d8bbc19bcc5c;e19239c8-68e0-11ee-9d1c-d8bbc19bcc5c;6
e16cf5dc-68e0-11ee-9d1c-d8bbc19bcc5c;e19257aa-68e0-11ee-9d1c-d8bbc19bcc5c;7
e16d1788-68e0-11ee-9d1c-d8bbc19bcc5c;e192742e-68e0-11ee-9d1c-d8bbc19bcc5c;8
e16d38c6-68e0-11ee-9d1c-d8bbc19bcc5c;e192903a-68e0-11ee-9d1c-d8bbc19bcc5c;9
e16d59a0-68e0-11ee-9d1c-d8bbc19bcc5c;e192ac1e-68e0-11ee-9d1c-d8bbc19bcc5c;10
e16d7a0c-68e0-11ee-9d1c-d8bbc19bcc5c;e192c80c-68e0-11ee-9d1c-d8bbc19bcc5c;11
e16d9a78-68e0-11ee-9d1c-d8bbc19bcc5c;e192e42c-68e0-11ee-9d1c-d8bbc19bcc5c;12
e16dbb52-68e0-11ee-9d1c-d8bbc19bcc5c;e1930092-68e0-11ee-9d1c-d8bbc19bcc5c;13
e16ddc54-68e0-11ee-9d1c-d8bbc19bcc5c;e1931d20-68e0-11ee-9d1c-d8bbc19bcc5c;14
e16dff4a-68e0-11ee-9d1c-d8bbc19bcc5c;e193394a-68e0-11ee-9d1c-d8bbc19bcc5c;15
e16e202e-68e0-11ee-9d1c-d8bbc19bcc5c;e1935542-68e0-11ee-9d1c-d8bbc19bcc5c;16
e16e40f4-68e0-11ee-9d1c-d8bbc19bcc5c;e1937144-68e0-11ee-9d1c-d8bbc19bcc5c;17
e16e6200-68e0-11ee-9d1c-d8bbc19bcc5c;e1938d6e-68e0-11ee-9d1c-d8bbc19bcc5c;18
e16ea01c-68e0-11ee-9d1c-d8bbc19bcc5c;e193ae16-68e0-11ee-9d1c-d8bbc19bcc5c;19
e16ec9fc-68e0-11ee-9d1c-d8bbc19bcc5c;e193ca5e-68e0-11ee-9d1c-d8bbc19bcc5c;20
e16ee81a-68e0-11ee-9d1c-d8bbc19bcc5c;e193e688-68e0-11ee-9d1c-d8bbc19bcc5c;21
e16f04bc-68e0-11ee-9d1c-d8bbc19bcc5c;e1940294-68e0-11ee-9d1c-d8bbc19bcc5c;22
e16f23c0-68e0-11ee-9d1c-d8bbc19bcc5c;e1941ebe-68e0-11ee-9d1c-d8bbc19bcc5c;23
e16f41e8-68e0-11ee-9d1c-d8bbc19bcc5c;e1943ad4-68e0-11ee-9d1c-d8bbc19bcc5c;24
e16f601a-68e0-11ee-9d1c-d8bbc19bcc5c;e1945744-68e0-11ee-9d1c-d8bbc19bcc5c;25
e16f7df2-68e0-11ee-9d1c-d8bbc19bcc5c;e1947328-68e0-11ee-9d1c-d8bbc19bcc5c;26
e16f9c10-68e0-11ee-9d1c-d8bbc19bcc5c;e1948f52-68e0-11ee-9d1c-d8bbc19bcc5c;27
e16fbaf6-68e0-11ee-9d1c-d8bbc19bcc5c;e194ab5e-68e0-11ee-9d1c-d8bbc19bcc5c;28
e16fd8ba-68e0-11ee-9d1c-d8bbc19bcc5c;e194c760-68e0-11ee-9d1c-d8bbc19bcc5c;29
e16ff6c4-68e0-11ee-9d1c-d8bbc19bcc5c;e194e3b2-68e0-11ee-9d1c-d8bbc19bcc5c;30
e1701474-68e0-11ee-9d1c-d8bbc19bcc5c;e1950112-68e0-11ee-9d1c-d8bbc19bcc5c;31
e1703288-68e0-11ee-9d1c-d8bbc19bcc5c;e1951d32-68e0-11ee-9d1c-d8bbc19bcc5c;32
e17057ae-68e0-11ee-9d1c-d8bbc19bcc5c;e1953920-68e0-11ee-9d1c-d8bbc19bcc5c;33
e17075f4-68e0-11ee-9d1c-d8bbc19bcc5c;e1955540-68e0-11ee-9d1c-d8bbc19bcc5c;34
e17093ae-68e0-11ee-9d1c-d8bbc19bcc5c;e1957192-68e0-11ee-9d1c-d8bbc19bcc5c;35
e170b1b8-68e0-11ee-9d1c-d8bbc19bcc5c;e1958df8-68e0-11ee-9d1c-d8bbc19bcc5c;36
e170cf86-68e0-11ee-9d1c-d8bbc19bcc5c;e195aa04-68e0-11ee-9d1c-d8bbc19bcc5c;37
e170edb8-68e0-11ee-9d1c-d8bbc19bcc5c;e195c610-68e0-11ee-9d1c-d8bbc19bcc5c;38
e1710bea-68e0-11ee-9d1c-d8bbc19bcc5c;e195e244-68e0-11ee-9d1c-d8bbc19bcc5c;39
e17129cc-68e0-11ee-9d1c-d8bbc19bcc5c;e195fe6e-68e0-11ee-9d1c-d8bbc19bcc5c;40
e1714754-68e0-11ee-9d1c-d8bbc19bcc5c;e1962362-68e0-11ee-9d1c-d8bbc19bcc5c;41
e1716504-68e0-11ee-9d1c-d8bbc19bcc5c;e1963f96-68e0-11ee-9d1c-d8bbc19bcc5c;42
e17183a4-68e0-11ee-9d1c-d8bbc19bcc5c;e1965bd4-68e0-11ee-9d1c-d8bbc19bcc5c;43
e171a19a-68e0-11ee-9d1c-d8bbc19bcc5c;e19677e0-68e0-11ee-9d1c-d8bbc19bcc5c;44
e171bfae-68e0-11ee-9d1c-d8bbc19bcc5c;e19693f6-68e0-11ee-9d1c-d8bbc19bcc5c;45
e171dd68-68e0-11ee-9d1c-d8bbc19bcc5c;e196aff8-68e0-11ee-9d1c-d8bbc19bcc5c;46
e171fb68-68e0-11ee-9d1c-d8bbc19bcc5c;e196cc86-68e0-11ee-9d1c-d8bbc19bcc5c;47
e17219ae-68e0-11ee-9d1c-d8bbc19bcc5c;e196ea36-68e0-11ee-9d1c-d8bbc19bcc5c;48
e17237b8-68e0-11ee-9d1c-d8bbc19bcc5c;e1970638-68e0-11ee-9d1c-d8bbc19bcc5c;49
e172557c-68e0-11ee-9d1c-d8bbc19bcc5c;e197224e-68e0-11ee-9d1c-d8bbc19bcc5c;50
e1727340-68e0-11ee-9d1c-d8bbc19bcc5c;e1973e82-68e0-11ee-9d1c-d8bbc19bcc5c;51
e1729118-68e0-11ee-9d1c-d8bbc19bcc5c;e1976204-68e0-11ee-9d1c-d8bbc19bcc5c;52
e172ae96-68e0-11ee-9d1c-d8bbc19bcc5c;e1977e60-68e0-11ee-9d1c-d8bbc19bcc5c;53
e172ce62-68e0-11ee-9d1c-d8bbc19bcc5c;e1979a8a-68e0-11ee-9d1c-d8bbc19bcc5c;54
e172ec6c-68e0-11ee-9d1c-d8bbc19bcc5c;e197b6be-68e0-11ee-9d1c-d8bbc19bcc5c;55
e1730c38-68e0-11ee-9d1c-d8bbc19bcc5c;e197d2b6-68e0-11ee-9d1c-d8bbc19bcc5c;56
e1732a10-68e0-11ee-9d1c-d8bbc19bcc5c;e197ef26-68e0-11ee-9d1c-d8bbc19bcc5c;57
e173482e-68e0-11ee-9d1c-d8bbc19bcc5c;e1980b64-68e0-11ee-9d1c-d8bbc19bcc5c;58
e1736642-68e0-11ee-9d1c-d8bbc19bcc5c;e19827ac-68e0-11ee-9d1c-d8bbc19bcc5c;59
e1738442-68e0-11ee-9d1c-d8bbc19bcc5c;e19843f4-68e0-11ee-9d1c-d8bbc19bcc5c;60
e173a288-68e0-11ee-9d1c-d8bbc19bcc5c;e1986032-68e0-11ee-9d1c-d8bbc19bcc5c;61
e173c056-68e0-11ee-9d1c-d8bbc19bcc5c;e1987c3e-68e0-11ee-9d1c-d8bbc19bcc5c;62
e173de06-68e0-11ee-9d1c-d8bbc19bcc5c;e19898a4-68e0-11ee-9d1c-d8bbc19bcc5c;63
e174032c-68e0-11ee-9d1c-d8bbc19bcc5c;e198b4ce-68e0-11ee-9d1c-d8bbc19bcc5c;64
e1742104-68e0-11ee-9d1c-d8bbc19bcc5c;e198d0ee-68e0-11ee-9d1c-d8bbc19bcc5c;65
e1743ee6-68e0-11ee-9d1c-d8bbc19bcc5c;e198ed2c-68e0-11ee-9d1c-d8bbc19bcc5c;66
e1745c82-68e0-11ee-9d1c-d8bbc19bcc5c;e1990956-68e0-11ee-9d1c-d8bbc19bcc5c;67
e1747a6e-68e0-11ee-9d1c-d8bbc19bcc5c;e1992576-68e0-11ee-9d1c-d8bbc19bcc5c;68
e17498b4-68e0-11ee-9d1c-d8bbc19bcc5c;e19941be-68e0-11ee-9d1c-d8bbc19bcc5c;69
e174b696-68e0-11ee-9d1c-d8bbc19bcc5c;e1995e2e-68e0-11ee-9d1c-d8bbc19bcc5c;70
e174d414-68e0-11ee-9d1c-d8bbc19bcc5c;e1997a58-68e0-11ee-9d1c-d8bbc19bcc5c;71
e174f1e2-68e0-11ee-9d1c-d8bbc19bcc5c;e1999678-68e0-11ee-9d1c-d8bbc19bcc5c;72
e1750fb0-68e0-11ee-9d1c-d8bbc19bcc5c;e199b28e-68e0-11ee-9d1c-d8bbc19bcc5c;73
e175301c-68e0-11ee-9d1c-d8bbc19bcc5c;e199d7f0-68e0-11ee-9d1c-d8bbc19bcc5c;74
e1754e12-68e0-11ee-9d1c-d8bbc19bcc5c;e199f46a-68e0-11ee-9d1c-d8bbc19bcc5c;75
e1756be0-68e0-11ee-9d1c-d8bbc19bcc5c;e19a1094-68e0-11ee-9d1c-d8bbc19bcc5c;76
e17589ea-68e0-11ee-9d1c-d8bbc19bcc5c;e19a2caa-68e0-11ee-9d1c-d8bbc19bcc5c;77
e175a7e0-68e0-11ee-9d1c-d8bbc19bcc5c;e19a48fc-68e0-11ee-9d1c-d8bbc19bcc5c;78
e175c608-68e0-11ee-9d1c-d8bbc19bcc5c;e19a659e-68e0-11ee-9d1c-d8bbc19bcc5c;79
e175e458-68e0-11ee-9d1c-d8bbc19bcc5c;e19a81fa-68e0-11ee-9d1c-d8bbc19bcc5c;80
e1760244-68e0-11ee-9d1c-d8bbc19bcc5c;e19a9e42-68e0-11ee-9d1c-d8bbc19bcc5c;81
e1762094-68e0-11ee-9d1c-d8bbc19bcc5c;e19aba9e-68e0-11ee-9d1c-d8bbc19bcc5c;82
e1763ed0-68e0-11ee-9d1c-d8bbc19bcc5c;e19ad6b4-68e0-11ee-9d1c-d8bbc19bcc5c;83
e1765f00-68e0-11ee-9d1c-d8bbc19bcc5c;e19af2ca-68e0-11ee-9d1c-d8bbc19bcc5c;84
e1767e5e-68e0-11ee-9d1c-d8bbc19bcc5c;e19b0f1c-68e0-11ee-9d1c-d8bbc19bcc5c;85
e1769c40-68e0-11ee-9d1c-d8bbc19bcc5c;e19b31f4-68e0-11ee-9d1c-d8bbc19bcc5c;86
e176ba0e-68e0-11ee-9d1c-d8bbc19bcc5c;e19b4f68-68e0-11ee-9d1c-d8bbc19bcc5c;87
e176d836-68e0-11ee-9d1c-d8bbc19bcc5c;e19b6b6a-68e0-11ee-9d1c-d8bbc19bcc5c;88
e176f64a-68e0-11ee-9d1c-d8bbc19bcc5c;e19b880c-68e0-11ee-9d1c-d8bbc19bcc5c;89
e17714ea-68e0-11ee-9d1c-d8bbc19bcc5c;e19ba60c-68e0-11ee-9d1c-d8bbc19bcc5c;90
e17732f4-68e0-11ee-9d1c-d8bbc19bcc5c;e19bc1f0-68e0-11ee-9d1c-d8bbc19bcc5c;91
e177509a-68e0-11ee-9d1c-d8bbc19bcc5c;e19bdde8-68e0-11ee-9d1c-d8bbc19bcc5c;92
e1776e4a-68e0-11ee-9d1c-d8bbc19bcc5c;e19bf9f4-68e0-11ee-9d1c-d8bbc19bcc5c;93
e1778be6-68e0-11ee-9d1c-d8bbc19bcc5c;e19c1646-68e0-11ee-9d1c-d8bbc19bcc5c;94
e177aa40-68e0-11ee-9d1c-d8bbc19bcc5c;e19c3252-68e0-11ee-9d1c-d8bbc19bcc5c;95
e177c804-68e0-11ee-9d1c-d8bbc19bcc5c;e19c4f30-68e0-11ee-9d1c-d8bbc19bcc5c;96
e177e5f0-68e0-11ee-9d1c-d8bbc19bcc5c;e19c6b82-68e0-11ee-9d1c-d8bbc19bcc5c;97
e17803c8-68e0-11ee-9d1c-d8bbc19bcc5c;e19c87ac-68e0-11ee-9d1c-d8bbc19bcc5c;98
e178231c-68e0-11ee-9d1c-d8bbc19bcc5c;e19ca3a4-68e0-11ee-9d1c-d8bbc19bcc5c;99
e1784162-68e0-11ee-9d1c-d8bbc19bcc5c;e19cbfa6-68e0-11ee-9d1c-d8bbc19bcc5c;100
e1785f6c-68e0-11ee-9d1c-d8bbc19bcc5c;e19ce12a-68e0-11ee-9d1c-d8bbc19bcc5c;101
e1787d3a-68e0-11ee-9d1c-d8bbc19bcc5c;e19cfd90-68e0-11ee-9d1c-d8bbc19bcc5c;102
e1789b30-68e0-11ee-9d1c-d8bbc19bcc5c;e19d197e-68e0-11ee-9d1c-d8bbc19bcc5c;103
e178b8ea-68e0-11ee-9d1c-d8bbc19bcc5c;e19d35d0-68e0-11ee-9d1c-d8bbc19bcc5c;104
e178dbe0-68e0-11ee-9d1c-d8bbc19bcc5c;e19d5268-68e0-11ee-9d1c-d8bbc19bcc5c;105
e178f9fe-68e0-11ee-9d1c-d8bbc19bcc5c;e19d6ef6-68e0-11ee-9d1c-d8bbc19bcc5c;106
e1791808-68e0-11ee-9d1c-d8bbc19bcc5c;e19d8b48-68e0-11ee-9d1c-d8bbc19bcc5c;107
e17935fe-68e0-11ee-9d1c-d8bbc19bcc5c;e19da7a4-68e0-11ee-9d1c-d8bbc19bcc5c;108
e17953d6-68e0-11ee-9d1c-d8bbc19bcc5c;e19dc3c4-68e0-11ee-9d1c-d8bbc19bcc5c;109
e17972b2-68e0-11ee-9d1c-d8bbc19bcc5c;e19ddff8-68e0-11ee-9d1c-d8bbc19bcc5c;110
e17990ee-68e0-11ee-9d1c-d8bbc19bcc5c;e19dfc22-68e0-11ee-9d1c-d8bbc19bcc5c;111
e179aee4-68e0-11ee-9d1c-d8bbc19bcc5c;e19e18ba-68e0-11ee-9d1c-d8bbc19bcc5c;112
e179cc9e-68e0-11ee-9d1c-d8bbc19bcc5c;e19e350c-68e0-11ee-9d1c-d8bbc19bcc5c;113
e179ea8a-68e0-11ee-9d1c-d8bbc19bcc5c;e19e5136-68e0-11ee-9d1c-d8bbc19bcc5c;114
e17a08ee-68e0-11ee-9d1c-d8bbc19bcc5c;e19e6d88-68e0-11ee-9d1c-d8bbc19bcc5c;115
e17a26c6-68e0-11ee-9d1c-d8bbc19bcc5c;e19e89b2-68e0-11ee-9d1c-d8bbc19bcc5c;116
e17a44ee-68e0-11ee-9d1c-d8bbc19bcc5c;e19eaed8-68e0-11ee-9d1c-d8bbc19bcc5c;117
e17a62a8-68e0-11ee-9d1c-d8bbc19bcc5c;e19ecb34-68e0-11ee-9d1c-d8bbc19bcc5c;118
e17a80a8-68e0-11ee-9d1c-d8bbc19bcc5c;e19ee754-68e0-11ee-9d1c-d8bbc19bcc5c;119
e17a9e80-68e0-11ee-9d1c-d8bbc19bcc5c;e19f03ba-68e0-11ee-9d1c-d8bbc19bcc5c;120
e17abd20-68e0-11ee-9d1c-d8bbc19bcc5c;e19f2002-68e0-11ee-9d1c-d8bbc19bcc5c;121
e17adb34-68e0-11ee-9d1c-d8bbc19bcc5c;e19f3c36-68e0-11ee-9d1c-d8bbc19bcc5c;122
e17af948-68e0-11ee-9d1c-d8bbc19bcc5c;e19f58ec-68e0-11ee-9d1c-d8bbc19bcc5c;123
e17b1752-68e0-11ee-9d1c-d8bbc19bcc5c;e19f7520-68e0-11ee-9d1c-d8bbc19bcc5c;124
e17b3548-68e0-11ee-9d1c-d8bbc19bcc5c;e19f9190-68e0-11ee-9d1c-d8bbc19bcc5c;125
e17b5b36-68e0-11ee-9d1c-d8bbc19bcc5c;e19fadce-68e0-11ee-9d1c-d8bbc19bcc5c;126
e17b78c8-68e0-11ee-9d1c-d8bbc19bcc5c;e19fc9d0-68e0-11ee-9d1c-d8bbc19bcc5c;127
e17b9524-68e0-11ee-9d1c-d8bbc19bcc5c;e19ff270-68e0-11ee-9d1c-d8bbc19bcc5c;128
e17bb162-68e0-11ee-9d1c-d8bbc19bcc5c;e1a00f08-68e0-11ee-9d1c-d8bbc19bcc5c;129
e17bcf44-68e0-11ee-9d1c-d8bbc19bcc5c;e1a02b96-68e0-11ee-9d1c-d8bbc19bcc5c;130
e17bef9c-68e0-11ee-9d1c-d8bbc19bcc5c;e1a04806-68e0-11ee-9d1c-d8bbc19bcc5c;131
e17c0db0-68e0-11ee-9d1c-d8bbc19bcc5c;e1a0643a-68e0-11ee-9d1c-d8bbc19bcc5c;132
e17c2b9c-68e0-11ee-9d1c-d8bbc19bcc5c;e1a080fa-68e0-11ee-9d1c-d8bbc19bcc5c;133
e17c4988-68e0-11ee-9d1c-d8bbc19bcc5c;e1a09d38-68e0-11ee-9d1c-d8bbc19bcc5c;134
e17c6788-68e0-11ee-9d1c-d8bbc19bcc5c;e1a0b962-68e0-11ee-9d1c-d8bbc19bcc5c;135
